figure,factor,curve_name,x_value,x_units,y_value,y_units,source_page,digitization_method,notes
Figure 10,NH,H_ft=10,2.064936,in,1.210481,dimensionless,PDF page 25 / API page 19,PDF vector path extraction; piecewise labeled-tick axis calibration; no OCR,point_type=endpoint/control;uniform_sample
Figure 10,NH,H_ft=10,3.393634,in,1.217057,dimensionless,PDF page 25 / API page 19,PDF vector path extraction; piecewise labeled-tick axis calibration; no OCR,point_type=uniform_sample
Figure 10,NH,H_ft=10,4.722332,in,1.22369,dimensionless,PDF page 25 / API page 19,PDF vector path extraction; piecewise labeled-tick axis calibration; no OCR,point_type=uniform_sample
Figure 10,NH,H_ft=10,6.05103,in,1.230359,dimensionless,PDF page 25 / API page 19,PDF vector path extraction; piecewise labeled-tick axis calibration; no OCR,point_type=uniform_sample
Figure 10,NH,H_ft=10,7.379728,in,1.236634,dimensionless,PDF page 25 / API page 19,PDF vector path extraction; piecewise labeled-tick axis calibration; no OCR,point_type=uniform_sample
Figure 10,NH,H_ft=10,8.708425,in,1.243021,dimensionless,PDF page 25 / API page 19,PDF vector path extraction; piecewise labeled-tick axis calibration; no OCR,point_type=uniform_sample
Figure 10,NH,H_ft=10,10.037123,in,1.249495,dimensionless,PDF page 25 / API page 19,PDF vector path extraction; piecewise labeled-tick axis calibration; no OCR,point_type=uniform_sample
Figure 10,NH,H_ft=10,11.365821,in,1.255982,dimensionless,PDF page 25 / API page 19,PDF vector path extraction; piecewise labeled-tick axis calibration; no OCR,point_type=uniform_sample
Figure 10,NH,H_ft=10,12.694519,in,1.262506,dimensionless,PDF page 25 / API page 19,PDF vector path extraction; piecewise labeled-tick axis calibration; no OCR,point_type=uniform_sample
Figure 10,NH,H_ft=10,14.023217,in,1.269068,dimensionless,PDF page 25 / API page 19,PDF vector path extraction; piecewise labeled-tick axis calibration; no OCR,point_type=uniform_sample
Figure 10,NH,H_ft=10,15.351914,in,1.275749,dimensionless,PDF page 25 / API page 19,PDF vector path extraction; piecewise labeled-tick axis calibration; no OCR,point_type=uniform_sample
Figure 10,NH,H_ft=10,16.680612,in,1.28227,dimensionless,PDF page 25 / API page 19,PDF vector path extraction; piecewise labeled-tick axis calibration; no OCR,point_type=uniform_sample
Figure 10,NH,H_ft=10,18.00931,in,1.288637,dimensionless,PDF page 25 / API page 19,PDF vector path extraction; piecewise labeled-tick axis calibration; no OCR,point_type=uniform_sample
Figure 10,NH,H_ft=10,19.338008,in,1.295211,dimensionless,PDF page 25 / API page 19,PDF vector path extraction; piecewise labeled-tick axis calibration; no OCR,point_type=uniform_sample
Figure 10,NH,H_ft=10,20.666705,in,1.301716,dimensionless,PDF page 25 / API page 19,PDF vector path extraction; piecewise labeled-tick axis calibration; no OCR,point_type=uniform_sample
Figure 10,NH,H_ft=10,21.995403,in,1.308345,dimensionless,PDF page 25 / API page 19,PDF vector path extraction; piecewise labeled-tick axis calibration; no OCR,point_type=uniform_sample
Figure 10,NH,H_ft=10,23.324101,in,1.314766,dimensionless,PDF page 25 / API page 19,PDF vector path extraction; piecewise labeled-tick axis calibration; no OCR,point_type=uniform_sample
Figure 10,NH,H_ft=10,24.652799,in,1.321145,dimensionless,PDF page 25 / API page 19,PDF vector path extraction; piecewise labeled-tick axis calibration; no OCR,point_type=uniform_sample
Figure 10,NH,H_ft=10,25.981497,in,1.327481,dimensionless,PDF page 25 / API page 19,PDF vector path extraction; piecewise labeled-tick axis calibration; no OCR,point_type=uniform_sample
Figure 10,NH,H_ft=10,27.310194,in,1.33411,dimensionless,PDF page 25 / API page 19,PDF vector path extraction; piecewise labeled-tick axis calibration; no OCR,point_type=uniform_sample
Figure 10,NH,H_ft=10,28.638892,in,1.340628,dimensionless,PDF page 25 / API page 19,PDF vector path extraction; piecewise labeled-tick axis calibration; no OCR,point_type=uniform_sample
Figure 10,NH,H_ft=10,29.96759,in,1.347022,dimensionless,PDF page 25 / API page 19,PDF vector path extraction; piecewise labeled-tick axis calibration; no OCR,point_type=uniform_sample
Figure 10,NH,H_ft=10,31.296288,in,1.353872,dimensionless,PDF page 25 / API page 19,PDF vector path extraction; piecewise labeled-tick axis calibration; no OCR,point_type=uniform_sample
Figure 10,NH,H_ft=10,32.624985,in,1.360681,dimensionless,PDF page 25 / API page 19,PDF vector path extraction; piecewise labeled-tick axis calibration; no OCR,point_type=uniform_sample
Figure 10,NH,H_ft=10,33.953683,in,1.36743,dimensionless,PDF page 25 / API page 19,PDF vector path extraction; piecewise labeled-tick axis calibration; no OCR,point_type=uniform_sample
Figure 10,NH,H_ft=10,35.282381,in,1.373879,dimensionless,PDF page 25 / API page 19,PDF vector path extraction; piecewise labeled-tick axis calibration; no OCR,point_type=uniform_sample
Figure 10,NH,H_ft=10,36.611079,in,1.380565,dimensionless,PDF page 25 / API page 19,PDF vector path extraction; piecewise labeled-tick axis calibration; no OCR,point_type=uniform_sample
Figure 10,NH,H_ft=10,37.939777,in,1.387548,dimensionless,PDF page 25 / API page 19,PDF vector path extraction; piecewise labeled-tick axis calibration; no OCR,point_type=uniform_sample
Figure 10,NH,H_ft=10,39.268474,in,1.394177,dimensionless,PDF page 25 / API page 19,PDF vector path extraction; piecewise labeled-tick axis calibration; no OCR,point_type=uniform_sample
Figure 10,NH,H_ft=10,40.221219,in,1.39917,dimensionless,PDF page 25 / API page 19,PDF vector path extraction; piecewise labeled-tick axis calibration; no OCR,point_type=endpoint/control
Figure 10,NH,H_ft=10,40.597172,in,1.40134,dimensionless,PDF page 25 / API page 19,PDF vector path extraction; piecewise labeled-tick axis calibration; no OCR,point_type=uniform_sample
Figure 10,NH,H_ft=10,41.92587,in,1.409009,dimensionless,PDF page 25 / API page 19,PDF vector path extraction; piecewise labeled-tick axis calibration; no OCR,point_type=endpoint/control;uniform_sample
Figure 10,NH,H_ft=14,2.129367,in,1.357947,dimensionless,PDF page 25 / API page 19,PDF vector path extraction; piecewise labeled-tick axis calibration; no OCR,point_type=endpoint/control;uniform_sample
Figure 10,NH,H_ft=14,3.458388,in,1.36496,dimensionless,PDF page 25 / API page 19,PDF vector path extraction; piecewise labeled-tick axis calibration; no OCR,point_type=uniform_sample
Figure 10,NH,H_ft=14,4.787409,in,1.372021,dimensionless,PDF page 25 / API page 19,PDF vector path extraction; piecewise labeled-tick axis calibration; no OCR,point_type=uniform_sample
Figure 10,NH,H_ft=14,6.11643,in,1.379089,dimensionless,PDF page 25 / API page 19,PDF vector path extraction; piecewise labeled-tick axis calibration; no OCR,point_type=uniform_sample
Figure 10,NH,H_ft=14,7.445451,in,1.385717,dimensionless,PDF page 25 / API page 19,PDF vector path extraction; piecewise labeled-tick axis calibration; no OCR,point_type=uniform_sample
Figure 10,NH,H_ft=14,8.774473,in,1.392217,dimensionless,PDF page 25 / API page 19,PDF vector path extraction; piecewise labeled-tick axis calibration; no OCR,point_type=uniform_sample
Figure 10,NH,H_ft=14,10.103494,in,1.399262,dimensionless,PDF page 25 / API page 19,PDF vector path extraction; piecewise labeled-tick axis calibration; no OCR,point_type=uniform_sample
Figure 10,NH,H_ft=14,11.432515,in,1.406305,dimensionless,PDF page 25 / API page 19,PDF vector path extraction; piecewise labeled-tick axis calibration; no OCR,point_type=uniform_sample
Figure 10,NH,H_ft=14,12.761536,in,1.413372,dimensionless,PDF page 25 / API page 19,PDF vector path extraction; piecewise labeled-tick axis calibration; no OCR,point_type=uniform_sample
Figure 10,NH,H_ft=14,14.090557,in,1.420467,dimensionless,PDF page 25 / API page 19,PDF vector path extraction; piecewise labeled-tick axis calibration; no OCR,point_type=uniform_sample
Figure 10,NH,H_ft=14,15.419578,in,1.427664,dimensionless,PDF page 25 / API page 19,PDF vector path extraction; piecewise labeled-tick axis calibration; no OCR,point_type=uniform_sample
Figure 10,NH,H_ft=14,16.748599,in,1.43465,dimensionless,PDF page 25 / API page 19,PDF vector path extraction; piecewise labeled-tick axis calibration; no OCR,point_type=uniform_sample
Figure 10,NH,H_ft=14,18.07762,in,1.441481,dimensionless,PDF page 25 / API page 19,PDF vector path extraction; piecewise labeled-tick axis calibration; no OCR,point_type=uniform_sample
Figure 10,NH,H_ft=14,19.406641,in,1.448411,dimensionless,PDF page 25 / API page 19,PDF vector path extraction; piecewise labeled-tick axis calibration; no OCR,point_type=uniform_sample
Figure 10,NH,H_ft=14,20.735662,in,1.455467,dimensionless,PDF page 25 / API page 19,PDF vector path extraction; piecewise labeled-tick axis calibration; no OCR,point_type=uniform_sample
Figure 10,NH,H_ft=14,22.064683,in,1.462615,dimensionless,PDF page 25 / API page 19,PDF vector path extraction; piecewise labeled-tick axis calibration; no OCR,point_type=uniform_sample
Figure 10,NH,H_ft=14,23.393704,in,1.469511,dimensionless,PDF page 25 / API page 19,PDF vector path extraction; piecewise labeled-tick axis calibration; no OCR,point_type=uniform_sample
Figure 10,NH,H_ft=14,24.722725,in,1.476337,dimensionless,PDF page 25 / API page 19,PDF vector path extraction; piecewise labeled-tick axis calibration; no OCR,point_type=uniform_sample
Figure 10,NH,H_ft=14,26.051746,in,1.483104,dimensionless,PDF page 25 / API page 19,PDF vector path extraction; piecewise labeled-tick axis calibration; no OCR,point_type=uniform_sample
Figure 10,NH,H_ft=14,27.380768,in,1.49019,dimensionless,PDF page 25 / API page 19,PDF vector path extraction; piecewise labeled-tick axis calibration; no OCR,point_type=uniform_sample
Figure 10,NH,H_ft=14,28.709789,in,1.49707,dimensionless,PDF page 25 / API page 19,PDF vector path extraction; piecewise labeled-tick axis calibration; no OCR,point_type=uniform_sample
Figure 10,NH,H_ft=14,30.03881,in,1.503678,dimensionless,PDF page 25 / API page 19,PDF vector path extraction; piecewise labeled-tick axis calibration; no OCR,point_type=uniform_sample
Figure 10,NH,H_ft=14,31.367831,in,1.51074,dimensionless,PDF page 25 / API page 19,PDF vector path extraction; piecewise labeled-tick axis calibration; no OCR,point_type=uniform_sample
Figure 10,NH,H_ft=14,32.696852,in,1.517675,dimensionless,PDF page 25 / API page 19,PDF vector path extraction; piecewise labeled-tick axis calibration; no OCR,point_type=uniform_sample
Figure 10,NH,H_ft=14,34.025873,in,1.524503,dimensionless,PDF page 25 / API page 19,PDF vector path extraction; piecewise labeled-tick axis calibration; no OCR,point_type=uniform_sample
Figure 10,NH,H_ft=14,35.354894,in,1.53095,dimensionless,PDF page 25 / API page 19,PDF vector path extraction; piecewise labeled-tick axis calibration; no OCR,point_type=uniform_sample
Figure 10,NH,H_ft=14,36.683915,in,1.537609,dimensionless,PDF page 25 / API page 19,PDF vector path extraction; piecewise labeled-tick axis calibration; no OCR,point_type=uniform_sample
Figure 10,NH,H_ft=14,38.012936,in,1.544446,dimensionless,PDF page 25 / API page 19,PDF vector path extraction; piecewise labeled-tick axis calibration; no OCR,point_type=uniform_sample
Figure 10,NH,H_ft=14,39.341957,in,1.551001,dimensionless,PDF page 25 / API page 19,PDF vector path extraction; piecewise labeled-tick axis calibration; no OCR,point_type=uniform_sample
Figure 10,NH,H_ft=14,40.670978,in,1.557235,dimensionless,PDF page 25 / API page 19,PDF vector path extraction; piecewise labeled-tick axis calibration; no OCR,point_type=uniform_sample
Figure 10,NH,H_ft=14,41.036482,in,1.558868,dimensionless,PDF page 25 / API page 19,PDF vector path extraction; piecewise labeled-tick axis calibration; no OCR,point_type=endpoint/control
Figure 10,NH,H_ft=14,41.999999,in,1.5621,dimensionless,PDF page 25 / API page 19,PDF vector path extraction; piecewise labeled-tick axis calibration; no OCR,point_type=endpoint/control;uniform_sample
Figure 10,NH,H_ft=6,1.871266,in,1.063939,dimensionless,PDF page 25 / API page 19,PDF vector path extraction; piecewise labeled-tick axis calibration; no OCR,point_type=endpoint/control;uniform_sample
Figure 10,NH,H_ft=6,2.0,in,1.064591,dimensionless,PDF page 25 / API page 19,PDF vector path extraction; piecewise labeled-tick axis calibration; no OCR,point_type=spreadsheet_x
Figure 10,NH,H_ft=6,3.20889,in,1.070529,dimensionless,PDF page 25 / API page 19,PDF vector path extraction; piecewise labeled-tick axis calibration; no OCR,point_type=uniform_sample
Figure 10,NH,H_ft=6,4.546515,in,1.077132,dimensionless,PDF page 25 / API page 19,PDF vector path extraction; piecewise labeled-tick axis calibration; no OCR,point_type=uniform_sample
Figure 10,NH,H_ft=6,5.884139,in,1.083776,dimensionless,PDF page 25 / API page 19,PDF vector path extraction; piecewise labeled-tick axis calibration; no OCR,point_type=uniform_sample
Figure 10,NH,H_ft=6,7.221764,in,1.090284,dimensionless,PDF page 25 / API page 19,PDF vector path extraction; piecewise labeled-tick axis calibration; no OCR,point_type=uniform_sample
Figure 10,NH,H_ft=6,8.559388,in,1.096554,dimensionless,PDF page 25 / API page 19,PDF vector path extraction; piecewise labeled-tick axis calibration; no OCR,point_type=uniform_sample
Figure 10,NH,H_ft=6,9.897012,in,1.102746,dimensionless,PDF page 25 / API page 19,PDF vector path extraction; piecewise labeled-tick axis calibration; no OCR,point_type=uniform_sample
Figure 10,NH,H_ft=6,11.234637,in,1.108947,dimensionless,PDF page 25 / API page 19,PDF vector path extraction; piecewise labeled-tick axis calibration; no OCR,point_type=uniform_sample
Figure 10,NH,H_ft=6,12.572261,in,1.115178,dimensionless,PDF page 25 / API page 19,PDF vector path extraction; piecewise labeled-tick axis calibration; no OCR,point_type=uniform_sample
Figure 10,NH,H_ft=6,12.75,in,1.11601,dimensionless,PDF page 25 / API page 19,PDF vector path extraction; piecewise labeled-tick axis calibration; no OCR,point_type=annex_control_x
Figure 10,NH,H_ft=6,13.909886,in,1.121443,dimensionless,PDF page 25 / API page 19,PDF vector path extraction; piecewise labeled-tick axis calibration; no OCR,point_type=uniform_sample
Figure 10,NH,H_ft=6,15.24751,in,1.127816,dimensionless,PDF page 25 / API page 19,PDF vector path extraction; piecewise labeled-tick axis calibration; no OCR,point_type=uniform_sample
Figure 10,NH,H_ft=6,16.585135,in,1.134063,dimensionless,PDF page 25 / API page 19,PDF vector path extraction; piecewise labeled-tick axis calibration; no OCR,point_type=uniform_sample
Figure 10,NH,H_ft=6,17.922759,in,1.140136,dimensionless,PDF page 25 / API page 19,PDF vector path extraction; piecewise labeled-tick axis calibration; no OCR,point_type=uniform_sample
Figure 10,NH,H_ft=6,19.260384,in,1.146319,dimensionless,PDF page 25 / API page 19,PDF vector path extraction; piecewise labeled-tick axis calibration; no OCR,point_type=uniform_sample
Figure 10,NH,H_ft=6,20.598008,in,1.15261,dimensionless,PDF page 25 / API page 19,PDF vector path extraction; piecewise labeled-tick axis calibration; no OCR,point_type=uniform_sample
Figure 10,NH,H_ft=6,21.935633,in,1.159028,dimensionless,PDF page 25 / API page 19,PDF vector path extraction; piecewise labeled-tick axis calibration; no OCR,point_type=uniform_sample
Figure 10,NH,H_ft=6,23.273257,in,1.165251,dimensionless,PDF page 25 / API page 19,PDF vector path extraction; piecewise labeled-tick axis calibration; no OCR,point_type=uniform_sample
Figure 10,NH,H_ft=6,24.610881,in,1.171421,dimensionless,PDF page 25 / API page 19,PDF vector path extraction; piecewise labeled-tick axis calibration; no OCR,point_type=uniform_sample
Figure 10,NH,H_ft=6,25.948506,in,1.177541,dimensionless,PDF page 25 / API page 19,PDF vector path extraction; piecewise labeled-tick axis calibration; no OCR,point_type=uniform_sample
Figure 10,NH,H_ft=6,27.28613,in,1.183929,dimensionless,PDF page 25 / API page 19,PDF vector path extraction; piecewise labeled-tick axis calibration; no OCR,point_type=uniform_sample
Figure 10,NH,H_ft=6,28.623755,in,1.190095,dimensionless,PDF page 25 / API page 19,PDF vector path extraction; piecewise labeled-tick axis calibration; no OCR,point_type=uniform_sample
Figure 10,NH,H_ft=6,29.961379,in,1.196277,dimensionless,PDF page 25 / API page 19,PDF vector path extraction; piecewise labeled-tick axis calibration; no OCR,point_type=uniform_sample
Figure 10,NH,H_ft=6,31.299004,in,1.203019,dimensionless,PDF page 25 / API page 19,PDF vector path extraction; piecewise labeled-tick axis calibration; no OCR,point_type=uniform_sample
Figure 10,NH,H_ft=6,32.636628,in,1.209709,dimensionless,PDF page 25 / API page 19,PDF vector path extraction; piecewise labeled-tick axis calibration; no OCR,point_type=uniform_sample
Figure 10,NH,H_ft=6,33.974253,in,1.216325,dimensionless,PDF page 25 / API page 19,PDF vector path extraction; piecewise labeled-tick axis calibration; no OCR,point_type=uniform_sample
Figure 10,NH,H_ft=6,35.311877,in,1.222626,dimensionless,PDF page 25 / API page 19,PDF vector path extraction; piecewise labeled-tick axis calibration; no OCR,point_type=uniform_sample
Figure 10,NH,H_ft=6,36.649501,in,1.229154,dimensionless,PDF page 25 / API page 19,PDF vector path extraction; piecewise labeled-tick axis calibration; no OCR,point_type=uniform_sample
Figure 10,NH,H_ft=6,37.987126,in,1.235933,dimensionless,PDF page 25 / API page 19,PDF vector path extraction; piecewise labeled-tick axis calibration; no OCR,point_type=uniform_sample
Figure 10,NH,H_ft=6,39.32475,in,1.242509,dimensionless,PDF page 25 / API page 19,PDF vector path extraction; piecewise labeled-tick axis calibration; no OCR,point_type=uniform_sample
Figure 10,NH,H_ft=6,40.662375,in,1.248849,dimensionless,PDF page 25 / API page 19,PDF vector path extraction; piecewise labeled-tick axis calibration; no OCR,point_type=uniform_sample
Figure 10,NH,H_ft=6,40.739969,in,1.249202,dimensionless,PDF page 25 / API page 19,PDF vector path extraction; piecewise labeled-tick axis calibration; no OCR,point_type=endpoint/control
Figure 10,NH,H_ft=6,41.999999,in,1.258886,dimensionless,PDF page 25 / API page 19,PDF vector path extraction; piecewise labeled-tick axis calibration; no OCR,point_type=endpoint/control;uniform_sample
